m,Re_a_11,Im_a_11,Re_a_21,Im_a_21,Re_a_22,Im_a_22,Re_a_31,Im_a_31,Re_a_41,Im_a_41,Re_a_51,Im_a_51,Re_a_61,Im_a_61,I_11,I_21,I_22,I_31,I_41,I_51,I_61,I_sum_basis,I_total
1.2,2.4799744130979358,0.8513659065740159,2.8938021691857148,0.598513940564537,-0.382826969717878,0.40621979826875854,-0.3082903428332293,-1.1200042524231435,-0.11019985763373732,-0.3001743883806132,-0.11643636057985547,-0.19024893189280517,-0.10177191663464798,-0.22107772946536108,6.875096996497047,8.732309931434038,0.3115710132488839,1.3494524609301546,0.1022486720621712,0.04975208215143534,0.059232885481049116,17.479664041804778,17.66292878967082
1.210924369747899,2.3777283719494955,0.8410593243901936,2.916746620310152,0.7072281859816886,-0.38756760448885985,0.4011269222725124,-0.27791041166950636,-1.1595967236901428,-0.10718602479579968,-0.3054155035333816,-0.11626843378326342,-0.18373950817511792,-0.09873665399980533,-0.2187996234706358,6.360972997917287,9.007582554137645,0.3111114558210515,1.4218987585072278,0.1047674737100748,0.047278555558847336,0.05762220207396928,17.311233997726106,17.49722502882803
1.2218487394957984,2.27603395868356,0.8259062441201317,2.9333438977960347,0.8172107410470192,-0.3918111791396314,0.3956992029435233,-0.24448857340650537,-1.1983741653369802,-0.10386879576957836,-0.3113833243232452,-0.11646166453708834,-0.17712933041968573,-0.09559863680600471,-0.21641233098480359,5.86245170515738,9.272339818019853,0.31009385930892797,1.4958753026734521,0.1077483014012177,0.044938119001675506,0.05597339636144257,17.149420501923945,17.33780772875371
1.2327731092436975,2.17530050894614,0.8060223818930422,2.9434918677433495,0.9280723084857226,-0.3955550961696022,0.38996549995142626,-0.20803764454957652,-1.2360914700789902,-0.10019585417671241,-0.3180966412985854,-0.11704779918546053,-0.1704509229347584,-0.09236542117911736,-0.21393016003442675,5.381604384333869,9.52546258524925,0.3085369252581091,1.5712017839517751,0.11122468239964192,0.04275370442347084,0.05429748440195119,16.995081550018064,17.185553645693687
1.2436974789915967,2.075922745555172,0.7815497028059292,2.947099886755988,1.0394261031224394,-0.3987978952487841,0.3839560106088296,-0.16859044529131728,-1.2725004764146102,-0.09611034421468052,-0.32556894758124333,-0.1180571288012512,-0.1637383055223274,-0.08904395140173217,-0.21136722596996516,4.920275183469361,9.765804366369457,0.30646197933750785,1.6476802007189346,0.11523233789422274,0.04074771835611825,0.05260492949547235,16.848806715641075,17.041090443846908
1.2546218487394958,1.9782778708767232,0.7526547432489364,2.9441206198811556,1.1508687308744907,-0.4015401264612044,0.3776998283149942,-0.12620053756824237,-1.3073515785526857,-0.09155230746301844,-0.3338084002807595,-0.11951871352274948,-0.15702719121499228,-0.08564067502261953,-0.20873384425162295,4.480072496935663,9.992345060114062,0.30389163346765613,1.7250947256267124,0.11980987309980282,0.03894226166300281,0.05090414295439071,16.71106019386129,16.904871221044658
1.265546218487395,1.8827272542027902,0.719527980668565,2.934530172674794,1.261995886590745,-0.40378372978377586,0.37122607512729067,-0.0809419672313404,-1.3403960972210172,-0.08645833540898377,-0.3428172681984194,-0.12145974880198168,-0.15035520926950774,-0.08216154984818234,-0.20604030683887492,4.062382428682961,10.204100952110718,0.30085009929251016,1.8032132995046137,0.12499872313671935,0.037359159533517955,0.04920312831571308,16.582107790576757,16.777178507333957
1.276470588235294,1.7896074886337312,0.6823825903055117,2.9183335925406664,1.3724009505384365,-0.40553207466406993,0.3645639623142422,-0.03290999916136723,-1.3713879310462855,-0.08076210776610973,-0.35259167269209457,-0.12390573071477558,-0.14376176569283383,-0.07861222344242255,-0.20329503423627407,3.66834096292599,10.400155326390117,0.297363146199605,1.881787925464213,0.13084340570263386,0.036020075379083735,0.04750875261968922,16.462019594681333,16.658089714229135
1.2873949579831934,1.699238023486251,0.6414514927813947,2.8955650091956815,1.4816770324966564,-0.406790166010891,0.3577417671396765,0.017778947285276608,-1.4000850562291267,-0.07439489013513773,-0.3631213371532595,-0.12687983864882812,-0.13728859109718983,-0.07499812775222069,-0.20050509698976302,3.2988698780529404,10.579663551106485,0.29345741111938684,1.9605542556426896,0.13739170517419036,0.03494665070100405,0.04582701308521269,16.350710464881914,16.54778465208625
1.2983193277310925,1.61191290399532,0.5969873093209189,2.8662878241251892,1.5894190532448658,-0.40756448902991105,0.3507872299208916,0.07098729324440627,-1.426252073733603,-0.06728580681397642,-0.37438910017514354,-0.13040243689335348,-0.13097944778166254,-0.07132458847442368,-0.1976761442532607,2.9546570575568563,10.741858817546118,0.28916049339378497,2.0392341736315704,0.14469457812856143,0.034160411288914304,0.04416305492788181,16.24792858647369,16.44545371466169
1.3092436974789916,1.5279090866103946,0.5492593653872158,2.8305901680559797,1.6952278263010498,-0.40786266655509046,0.3437281972117502,0.12655688667014275,-1.449661973452751,-0.05936259965303481,-0.3863709078706757,-0.13449143816265058,-0.12488022113302714,-0.06759685878198414,-0.19481280982744673,2.6361920274121773,10.886038082560562,0.2845010283278687,2.1175364828385637,0.15280639668637663,0.033683016569291825,0.042521366190056434,16.153278400584895,16.350959538673585
1.3201680672268907,1.4474560159702063,0.4985528642400409,2.7886024823401825,1.798704417076532,-0.4076939137123007,0.33659106398108446,0.1843089357417939,-1.47009790455747,-0.05055193915060758,-0.39903496498673385,-0.1391615109349156,-0.11903894241194611,-0.06382032599621397,-0.19191844913887948,2.343683876610291,11.011641384524454,0.27950787162997137,2.1951576327785367,0.16178440183385062,0.033536195936243254,0.04090572513013569,16.06621708844348,16.26402943937742
1.3310924369747898,1.370789444920392,0.44516643058625704,2.740470626568949,1.8994639015976333,-0.40706871068233935,0.32940180681482445,0.24404606176786858,-1.4873555924801019,-0.04078005606734197,-0.4123427668289593,-0.14442389621126958,-0.11350571170230656,-0.06000060379101047,-0.18899534060093312,2.077236853226065,11.118142368559711,0.27421048554945304,2.271785138746241,0.17168957032901708,0.0337418083858907,0.039319311224148536,15.986125536020525,16.183867389245606
1.342016806722689,1.2980962759471584,0.3894097773763281,2.6863720689303343,1.9971296858960403,-0.40599872270137344,0.32218557211979737,0.30555244378162694,-1.5012451356920504,-0.0299734423338631,-0.42624701004939425,-0.15028605615495,-0.10833258500397233,-0.05614338227952547,-0.1860450551419852,1.8366939163441625,11.205121875016262,0.26863850571730785,2.347099253339967,0.1825849208213898,0.03432184764825168,0.037764841916569244,15.91222516080391,16.1097182506172
1.3529411764705883,1.2295423223690463,0.3316024786723769,2.626514218028629,2.091337914723357,-0.40449677342640816,0.314966628481675,0.36859213179395617,-1.5115911245056999,-0.018059831617037208,-0.44069302629856516,-0.15675144376843086,-0.10357346238231835,-0.052255155454005095,-0.18306816258087255,1.621734526358332,11.27227121106598,0.26282161676948845,2.420767887304819,0.1945365009462236,0.03529847723334906,0.036244553422259025,15.843674773100451,16.040742637283874
1.3638655462184874,1.1652623051071282,0.27207039146130374,2.5611344938255307,2.1817370286447026,-0.4025768259096868,0.30776827502616644,0.4329151537629719,-1.5182370295573127,-0.004968325237794132,-0.45561811402196656,-0.1638188616437286,-0.09928372563396755,-0.04834248624361227,-0.1800646597168911,1.4318585376134851,11.319386357622374,0.2567894118721003,2.49245920827663,0.20761255008060223,0.03669387760600804,0.03476027765517362,15.779560220726374,15.976045658103914
1.3747899159663866,1.105367543958955,0.2111451067684392,2.4904784973763543,2.267998192559971,-0.40025387795632045,0.3006127671349267,0.4982570689702608,-1.521046225028178,0.00936949025902234,-0.4709514589137971,-0.17148266819962163,-0.09552026907647472,-0.04441257979996353,-0.17703415830202737,1.2664196633501077,11.346298947349279,0.2505712025835907,2.561841725451306,0.2218830640007478,0.03853042729730366,0.033313570450195416,15.71885860048253,15.914647613140547
1.3857142857142857,1.049937309598709,0.1491607153916979,2.414833783183436,2.3498049915365335,-0.39754388333881424,0.29352132232963346,0.5643387663938801,-1.5199014422777195,0.025018809316839537,-0.48661421233043944,-0.17973217659400886,-0.09234103667902703,-0.04047335235800616,-0.17397567472453013,1.1246172731035384,11.353005698654036,0.24419590584224132,2.6285786374928586,0.23741933246160637,0.0408305223581774,0.03190562764695083,15.660552997559408,15.855514967383343
1.3966386554621848,0.9990235926212346,0.08645167584298068,2.334504909696282,2.4268634765654036,-0.3944636827885577,0.28651403585460017,0.6308698809407993,-1.514707942276095,0.04204080470684681,-0.5025195790170794,-0.18855123278362818,-0.0898046188330763,-0.0365331019069669,-0.17088842680283922,1.0055220308698984,11.339579507283164,0.23769188978080297,2.6923369570725404,0.254293356555902,0.043616436947980064,0.030537521950094168,15.603577700460383,15.797588867880897
1.4075630252100841,0.9526504197466505,0.023350804816831085,2.2498175257921553,2.498901773996792,-0.3910309413944955,0.27960978857272767,0.6975495337372465,-1.505394967889467,0.06049186834831617,-0.5185729712315178,-0.19791833149542834,-0.087970051106908,-0.03260112033149619,-0.16777106364284702,0.9080880823290632,11.306188975445849,0.23108683099355085,2.752789361363979,0.27257719262815455,0.046910395833686266,0.029209962842720923,15.546850801437005,15.739809769266568
1.4184873949579833,0.9108141975735329,-0.0398129451321914,2.161117010190498,2.565671964915274,-0.38726404331747194,0.27282628284524246,0.7640697301151855,-1.4919155793657701,0.08042270112383815,-0.5346722326994172,-0.2078061585960839,-0.08689628661202406,-0.0286871538908611,-0.1646226939450907,0.8311675731016175,11.253099363286921,0.22440761985774904,2.809614648432594,0.29234220727583393,0.050734364177419805,0.027923584160096944,15.489289360292231,15.68109861930496
1.4294117647058824,0.8734841661463634,-0.10271676696951751,2.0687666596131797,2.626952110473104,-0.3831820247568623,0.2661799560193945,0.8301163339478004,-1.4742484219364986,0.1018777316979418,-0.550708024444588,-0.21818147067751167,-0.08664174126168622,-0.02480178694622063,-0.16144226690872446,0.7735253227250779,11.18067288264617,0.2176802330832554,2.8625015374691922,0.3136584004035788,0.05510994547585887,0.02667873418035355,15.42982705598349,15.620410179318116
1.4403361344537815,0.8406039639893712,-0.1650455392409247,1.9731448951845463,2.6825454525524037,-0.37880449220034507,0.25968594357573377,0.8953727551055777,-1.4523975750390419,0.12489380523422622,-0.5665642209757026,-0.22900497082267843,-0.08726381477473201,-0.020956327315143904,-0.15823018199105687,0.7338550542979717,11.089350882402414,0.2109296326019805,2.911151086564642,0.33659347907568954,0.060058250030534534,0.025475958147462428,15.367414343120695,15.556667921116274
1.4512605042016806,0.8120918260472705,-0.22649463740978712,1.8746443315351211,2.7322843513127046,-0.3741515310425265,0.2533580908151613,0.9595192095964511,-1.4263945439626569,0.1494997248191121,-0.5821182694504963,-0.24022971892568235,-0.08881860610956471,-0.017162719454997134,-0.15498634561901142,0.7107929547081812,10.97966914618505,0.2041796903629702,2.955278508631034,0.36121184734903083,0.06559906264635834,0.0243153262674266,15.30104653615005,15.488903614515305
1.4621848739495797,0.7878417637058723,-0.2867712095257542,1.7736681114338153,2.7760301706566177,-0.36924359639076737,0.24720889011403802,1.0222377133977933,-1.3962970489878324,0.17571562141585795,-0.5972419771511397,-0.25180682968012474,-0.09135934002414198,-0.013433551757571776,-0.15171186504621936,0.7029323712520436,10.852242077913008,0.19745306882700245,2.994615391704878,0.3875739588809636,0.07175320848320214,0.023196950308625636,15.229767027369721,15.416163648485192
1.473109243697479,0.7677249946749161,-0.34559611025365033,1.6706285958634546,2.813675289802415,-0.364101466814259,0.24124950027633896,1.0832150129667377,-1.3621892940647125,0.20355133331706302,-0.6118012829830951,-0.26367743327803067,-0.09493690332342128,-0.009782018069659615,-0.14840892590757904,0.7088383388710531,10.707768541761402,0.1907711995198782,3.0289144371810495,0.4157339551549153,0.07853880443273095,0.022120897166556432,15.152686174087583,15.337566959649765
1.4840336134453782,0.7515918191925628,-0.40270556024522625,1.5659488368167782,2.8451390506529304,-0.35874613402500516,0.23548970409032707,1.1421422619310255,-1.3241825775565506,0.2330076439124479,-0.6256599551027829,-0.27577720100120934,-0.0995993296297609,-0.006221772736004807,-0.14508076724788885,0.7270620309296075,10.547011977078078,0.1841541894104368,3.0579484451932295,0.4457429415408465,0.08597309105475918,0.02108713948121459,15.068979814688172,15.252277716608027
1.4949579831932773,0.7392732430409292,-0.4578531130437461,1.4600407812783744,2.87037658962025,-0.35319870434599054,0.2299379606816999,1.1987194452437553,-1.282414200167151,0.26407307691818666,-0.6386759774567342,-0.2880353567511472,-0.10539008136078047,-0.0027668610572256936,-0.14173189277616846,0.7561544010001022,10.370780849235944,0.17762079051414542,3.0815144891958504,0.4776415941333534,0.09407143598799257,0.020095584950025305,14.977879145017413,15.159567340338981
1.5058823529411764,0.7305817875136138,-0.5108102075247346,1.3533399797124468,2.8893702206077845,-0.34748033233035824,0.2246013278733047,1.252656645406691,-1.2370472001312722,0.2967252240793677,-0.6507054090146321,-0.3003762128146565,-0.11234849007103923,0.0005684190689224029,-0.13836824422217678,0.7946768163580495,10.179989372423162,0.17118833783886792,3.099434446634164,0.5114633879258507,0.1028480524461182,0.019146094109365873,14.87874650773558,15.058782672140861
1.5168067226890756,0.7253138867381943,-0.5613679232713767,1.246268403990044,2.902136781506425,-0.34161214362198405,0.21948546034003324,1.3036779080390986,-1.1882691145787496,0.3309297851166869,-0.6616035811941887,-0.31271817703515764,-0.12050841787724632,0.0037696831044114797,-0.13499732744327367,0.8412141795732845,9.975582833356363,0.16487272397068337,3.111559576570966,0.547233821326352,0.11231493702746921,0.018238488927534133,14.771016560752651,14.949358303912819
1.5277310924369747,0.7232521624575604,-0.6093376723567314,1.1392445735015653,2.908723371057429,-0.3356150294972396,0.2145949855175776,1.3515216004402777,-1.136291337824004,0.366638980029993,-0.6712241615460101,-0.32497514168771985,-0.1298973397626645,0.006822584340039819,-0.13162833876392963,0.8943860894526567,9.758549847588458,0.15868845583372235,3.1177686408705148,0.5849660167205778,0.12248216159237069,0.017372567222828775,14.65421377928113,14.830829338233338
1.538655462184874,0.7241663200345271,-0.6545527489703525,1.0326832213396864,2.9092075637348827,-0.329509799005167,0.20993278034968593,1.3959438424075992,-1.081347421585583,0.4037930237913623,-0.6794219954313275,-0.33705519240131004,-0.14053705626338636,0.009713042613373015,-0.12827225448812257,0.9528561602569945,9.529923284528763,0.15264847990577504,3.1179714573254804,0.6246630539384586,0.13335686690786236,0.016548114468274883,14.527967417331608,14.702830254380839
1.5495798319327732,0.7278159153522961,-0.696868315461558,0.9269896147286594,2.903697750601276,-0.3233167910133941,0.2055009844898612,1.4367195604649667,-1.0236914365025362,0.44231917217754135,-0.6860539286943466,-0.3488624432328378,-0.15244188169852896,0.012427463883899351,-0.1249419462216582,1.01534145573433,9.290770372661699,0.14676440197750093,3.112107252591273,0.666316243152773,0.14494353159417328,0.015764931784241355,14.39200818949599,14.565090883135646
1.5605042016806723,0.7339527164240334,-0.7361624685431665,0.8225592625880573,2.892330827198412,-0.31705628695755445,0.20129941138217455,1.4736465343469958,-0.9635974179346914,0.48213134861068774,-0.6909796946355582,-0.3602971699640201,-0.16561853424342704,0.014952921634538197,-0.12165222364026507,1.0806217700377863,9.042181354431658,0.14104614212212108,3.100154092043316,0.7099035757118097,0.1572435495690232,0.015022853382029707,14.246173337297744,14.417460035066012
1.5714285714285714,0.7423222712342534,-0.772335733911379,0.7197727319245932,2.875273153132812,-0.31074772210655144,0.19732790054567517,1.5065447771796099,-0.9013560495439367,0.5231300788464766,-0.6940631812776232,-0.3712568667602921,-0.18006528704353966,0.017277390382681033,-0.11841984067871188,1.147544840246809,8.785268490748496,0.13550244712817439,3.0821198936966123,0.7553887789991356,0.17025516871474164,0.014321766884807062,14.090401386418776,14.25987590903486
1.5823529411764705,0.7526661597559596,-0.8053118476350704,0.6189952669056223,2.852717835373842,-0.30441012493938663,0.19358472125992396,1.5352589038750806,-0.8372728514631939,0.5652027908695217,-0.6951739422718856,-0.381635288295448,-0.19577246721961322,0.019390188129193235,-0.11526360374589534,1.2150335199831945,8.521154188711579,0.13014056847089545,3.0580457297250216,0.8027210048205312,0.18397235219360425,0.013661677744176284,13.924729041649003,14.09237991369738
1.5932773109243696,0.7647240825861839,-0.8350376459996535,0.5205740652673521,2.824883608728042,-0.2980619860987938,0.1900668084906165,1.5596589885243253,-0.7716662983122201,0.6082248659411432,-0.6941888360591468,-0.39132566141254066,-0.212720665280329,0.021281881594081873,-0.11220421181151834,1.2820907927239231,8.250964760289342,0.12496633924696625,3.0280050364356055,0.8518356276582747,0.1983858547172682,0.013042703632428591,13.74929111470381,13.915106576305726
1.604201680672269,0.7782349068191908,-0.8614833233974313,0.42483636693112303,2.7920132460979277,-0.29172110339178486,0.1867700382969913,1.579643445330551,-0.7048654601706213,0.6520577918800208,-0.690991901139033,-0.4002198764240693,-0.23088112987717116,0.022944875090356632,-0.10926432323675761,1.3478030866837578,7.975823905053523,0.11998424936958003,2.992108731317315,0.9026491713911836,0.21348204561825648,0.012465159625298717,13.564316349058917,13.72829356381644
1.615126050420168,0.7929423827461627,-0.8846391946572749,0.3320874054077737,2.754371694936279,-0.2854044903016308,0.18368957438610975,1.5951383418043512,-0.6372071798364519,0.69655213509429,-0.6854774159744087,-0.4082097527602884,-0.2502154302931022,0.02437361434404154,-0.10646836467977151,1.411344127079034,7.696845478696618,0.1151975828224838,2.9504993195294595,0.9550641647153666,0.22924296380537812,0.011929585753776886,13.370123222402116,13.532260349587146
1.6260504201680672,0.8085916380957944,-0.9045193446297948,0.24260871893338962,2.7122440456841863,-0.2791284425592062,0.18081923160454927,1.606099269705126,-0.5690341082671875,0.7415499793338148,-0.6775521128242515,-0.4151878918359782,-0.27067519474468876,0.025564762114942335,-0.10384254320415437,1.4719756820079535,7.415126753851823,0.11060828196358771,2.903354680518772,1.0089732374425884,0.24564604657727912,0.01143683084110026,13.167121513203103,13.3274132861201
1.6369747899159663,0.8249349759046853,-0.9211577853818517,0.15665666023756433,2.665933369038119,-0.2729082998496379,0.1781523809642012,1.612509270914077,-0.5006904131869606,0.7868809367826841,-0.6671327341450699,-0.4210480914273948,-0.2922021089198923,0.0265175646836822,-0.10141450798566234,1.5290493800404612,7.131742037347723,0.10621721097003373,2.850877038641177,1.064247693639871,0.26266356775188443,0.010988083666727242,12.955785012057879,13.114232637406582
1.6478991596638655,0.841731779730121,-0.9346088331195053,0.07446111270302884,2.6157584184054725,-0.2667586253629068,0.17568109668728762,1.6143827289951225,-0.4325213665100786,0.8323608484013505,-0.6541478552956187,-0.4256887393350252,-0.3147269335072619,0.02723410193992704,-0.09921333706702745,1.5820060599526404,6.847736560764072,0.10202401193875575,2.7933063281654844,1.1207339985392737,0.2802639454715275,0.010584982560449941,12.736655887392207,12.893269463620774
1.6588235294117648,0.8587512134657879,-0.944945318600183,-0.0037758986795750323,2.5620512018827224,-0.26069302772567615,0.17339690705605448,1.6117627832768473,-0.36486910873468065,0.8778057419393672,-0.6385442803150685,-0.4290103186807537,-0.3381712477667226,0.02771954030511238,-0.09726911729605014,1.6303753017733646,6.564120618479541,0.09802734208138615,2.7309087360651696,1.1782817185048118,0.2984096463506639,0.01022965409427951,12.510353017349216,12.665139231694727
1.669747899159664,0.8757729997023197,-0.9522576801751792,-0.07788060669425481,2.505154488843422,-0.25472407726025653,0.17129083968263398,1.6047215964115444,-0.2980702876746949,0.923017538870129,-0.6202799273977262,-0.4309185718788442,-0.36244639004070595,0.027982345847210054,-0.0956128107540872,1.6737730364602132,6.281864401871411,0.09422490729527094,2.663977298384091,1.2367085653943986,0.31705820124364215,0.009924821259409767,12.277531231908435,12.430502499098585
1.680672268907563,0.892589155795884,-0.9566526157738586,-0.147708873860426,2.4454192700023065,-0.24886333692353155,0.16935330175219776,1.593359710477587,-0.23245342092371876,0.9677893205236895,-0.5993278445271099,-0.43132527946080684,-0.3874540692389955,0.028034528491004546,-0.09427587557608928,1.711899628311375,6.001893317515729,0.09061350127908613,2.5928297598723593,1.2958100341452161,0.3361621524717994,0.009673875503351213,12.038882269098915,12.190079957934685
1.6915966386554622,0.9090048156980121,-0.9582517180421622,-0.21314594960664882,2.383202118456808,-0.24312133560555263,0.1675741591607822,1.5778052737983173,-0.16833631899686666,1.0119262185584508,-0.5756858950834621,-0.4301489855763875,-0.41308675669587674,0.027891805020212716,-0.093289932549623,1.7445361100929324,5.725083533250738,0.08718908264507091,2.517806598319198,1.3554089216040526,0.3556688183499137,0.009480964302398774,11.795174028564304,11.944605099274675
1.7025210084033613,0.9248404286685441,-0.9571891810022087,-0.27410682265133784,2.3188625595263757,-0.23750777188086553,0.16594230768276927,1.5582126289888614,-0.10602330329402651,1.0552165823589013,-0.5493628098437496,-0.42731700045845844,-0.4392276437129802,0.027573766841659554,-0.09268639455563807,1.7715409467274954,5.452258120197227,0.08394679118289612,2.439267537981756,1.4152815325246195,0.3755207418824708,0.009351080353561617,11.547166750850026,11.694854032033954
1.7134453781512604,0.9399307874786904,-0.9536112388219777,-0.3305362820936594,2.252760369127193,-0.23203098917308712,0.16444567939618365,1.5347613049244273,-0.04580323268423009,1.0974498447170156,-0.5203857484978913,-0.42276299410902735,-0.4657532495219016,0.02710398766128006,-0.09249598236784985,1.7928442800578983,5.184183514490386,0.0808807614087137,2.3575901992176567,1.4751974889091124,0.39565463862824024,0.009290132901336413,11.295641015613343,11.44161924195098
1.7243697478991598,0.9541295615455676,-0.947675490539335,-0.3824084252929343,2.1852530510797044,-0.22669859041630697,0.1630769630772924,1.507654112776263,0.01205298043211564,1.1384169739668444,-0.48880086555537267,-0.41643285087391885,-0.49253119668526324,0.02651008966914581,-0.09274843627694156,1.8084520555841062,4.921567100988179,0.07798634678325309,2.273166198108478,1.5349194927835084,0.416003298995197,0.009305057286084039,11.041399550528805,11.185772306805957
1.7352941176470589,0.9672996436155747,-0.9395429711073621,-0.42972607141711183,2.116693216766556,-0.22151676103714418,0.16182056950937865,1.4771153667269832,0.0672944866489994,1.1779111968168279,-0.45467263179406175,-0.40828241590157044,-0.5194229325573652,0.025823769008650334,-0.09347188370146864,1.8184095950960675,4.665054670361135,0.07525557213672689,2.1863983545543424,1.5942019896889903,0.43649471400091605,0.009403860088513008,10.785218755926692,10.927952338530266
1.746218487394958,0.9793268960499877,-0.9293854829350399,-0.47251996956136383,2.0474261625597596,-0.21649080339704763,0.16066641027840287,1.443388819287561,0.11969230476694377,1.2157420429231536,-0.4180906118172821,-0.39827888829058544,-0.5462842128036001,0.025080800738403596,-0.09469245672912606,1.8228385452173006,4.415229012768456,0.0726819633472472,2.0976975314647626,1.6528284746207123,0.45705251401643365,0.009595707927076917,10.527923749361989,10.669026305968305
1.7571428571428571,0.9901155575221205,-0.91737949306149,-0.5108477509477926,1.9777874807977571,-0.21162498472552918,0.15960275085400938,1.4067355309433571,0.16904095778556913,1.251688245523131,-0.37914231169473017,-0.3864016834820057,-0.5729661183429008,0.02432091017933118,-0.09643379561137255,1.8219139515370961,4.172608743848756,0.07025817224024745,2.0074796994275514,1.710472356497998,0.47759643376665906,0.009890983607967072,10.270220340926274,10.409729089816055
1.7680672268907562,0.9995833955214315,-0.9037028674430401,-0.5447926345221664,1.9081008199189426,-0.20692255671865883,0.15861793209608366,1.3674313012395154,0.2151599868684906,1.2855722762052035,-0.33795283074747984,-0.37264302986141934,-0.5993161348051296,0.02358766902110137,-0.0987165137799775,1.8158458372269275,3.937647753604944,0.06797659286142439,1.9161621835588434,1.766908193157663,0.49804265714205886,0.010301328222721513,10.012884545774584,10.15092018819724
1.7789915966386554,1.007666974373785,-0.8885354389794995,-0.5744618819313548,1.8386757895299584,-0.20238575259729547,0.15770044027767663,1.3257645825903068,0.2578950264965248,1.3172139458779841,-0.29465779718999807,-0.35700867861889046,-0.6251794682434245,0.022928285021370665,-0.10155772007200714,1.80488795756611,3.7107351127957293,0.06582942171814674,1.8241615731424938,1.821875796660311,0.5183045641223373,0.010839676760245373,9.756634102765373,9.893263455522035
1.7899159663865547,1.0143180039907607,-0.8720560239988735,-0.5999849258819856,1.7698062044516076,-0.19801573143540016,0.15683910828618228,1.2820331801814027,0.2971189556698871,1.3464430200858215,-0.24940873035513045,-0.33951739053631713,-0.6503999734063303,0.02239333533021704,-0.10497051887535121,1.7893227222125245,3.492195912601017,0.06380873578390134,1.7318887489044053,1.8751135211151861,0.5382921838835452,0.01152027130017201,9.502142095800751,9.63744416852437
1.8008403361344538,1.0195055334403633,-0.8544423939403709,-0.6215127890825167,1.7017676604058878,-0.19381285009495478,0.15602267274836867,1.2365418973219686,0.3327322771859282,1.3731052349219763,-0.20237378807930836,-0.32020268550577113,-0.6748218994798116,0.022036440147918366,-0.10896355027055875,1.769463337278072,3.2822913169964583,0.06190649527347396,1.6397466321139473,1.9263731362717047,0.5579143558226488,0.012358659981957372,9.250053933738263,9.384108188704166
1.811764705882353,1.0232120063537273,-0.8358681767391334,-0.6392140615444523,1.634817046187391,-0.18977651327892198,0.15524037928204432,1.1896005424056941,0.3646633690413541,1.3970527444620122,-0.15373174526520983,-0.2991121319720466,-0.6982910341858775,0.021913940113756657,-0.11354053578196627,1.7456384188316232,3.081221390981021,0.060114700351937826,1.5481288232125126,1.9753898203111278,0.5770784359172453,0.013371674036965276,9.000943263642434,9.13605762444083
1.822689075630252,1.0254398007522605,-0.8165035194459851,-0.6532741560278637,1.5691905709965712,-0.18590526401024252,0.15448179945555138,1.1415195332973302,0.39286914003391893,1.418167864466999,-0.10368171052401466,-0.2763070466431479,-0.7206560124667831,0.022084337972961783,-0.11869980527909413,1.718204782234516,2.889126171038463,0.05842539354974317,1.4574130060903459,2.021949988904074,0.595690672329183,0.014577361756998865,8.755387375903323,8.889515292238855
1.8336134453781512,1.026200185102092,-0.7965115626148214,-0.6638927965470982,1.5051028083933984,-0.18219682631877399,0.15373692406853512,1.0926086600030898,0.4173342566986125,1.4363345685095266,-0.05242613118469703,-0.2518630083789943,-0.7417700676524633,0.02260788555954708,-0.12443396992697883,1.6875174892826728,2.7060881091408215,0.05683072534268802,1.3679615657279307,2.0658054919264432,0.6136578082548574,0.015994929361261852,8.513856119036676,8.644769413725228
1.8445378151260505,1.0255192863769522,-0.7760484815657546,-0.6712818807560756,1.4427457604309988,-0.1786481804931334,0.15299621121999646,1.043173681803296,0.4380708376256359,1.4514608561238442,-0.0001803252989572992,-0.22586932655225897,-0.761491939126914,0.023545941137638953,-0.13072959620140587,1.6539410524716067,2.5321346926730355,0.05532301304118095,1.2801173891850706,2.106738649376976,0.6308869260324388,0.017644638667039792,8.276786361447348,8.406880119584228
1.8554621848739496,1.0234347883822748,-0.755262459965654,-0.6756623670241291,1.3822886046489096,-0.17525558587335613,0.15225065281740952,0.99352377258675,0.4551122856063302,1.4634740077142234,0.05283219213979557,-0.19842847327550864,-0.7796877950755359,0.024960442752373867,-0.13756686275060112,1.6178401495044425,2.3672414207548784,0.05389478166314067,1.1942166792048259,2.1445474117814274,0.6472869167962001,0.01954766542943726,8.044575025134352,8.173961108551104
1.8663865546218488,1.0199952256509908,-0.7342927343168653,-0.67726311305035,1.3238768977169952,-0.17201466364229662,0.15149177183206988,0.9439297966655035,0.46853380637856396,1.4723190925756664,0.10638223296768129,-0.1696552288658155,-0.7962321051269255,0.0269132030593291,-0.1449193967229792,1.5795760800213539,2.2113353646074265,0.05253880144079236,1.1105273887525644,2.1790406898540238,0.6627684619163676,0.02172595204546492,7.817512738637994,7.946350553867138
1.877310924369748,1.0152587152148242,-0.7132686739843672,-0.6763177995041068,1.2676326996969938,-0.16892043915010446,0.15071170929214406,0.8946802336661043,0.4784190126596803,1.477965576881373,0.16023527567718332,-0.1396769086519684,-0.8110095624497012,0.029465156706639205,-0.1527540675931525,1.539502460107073,2.064298427267166,0.051248134080423884,1.0293374721870983,2.210057590017633,0.6772461491954261,0.024202000626000204,7.5958922334808205,7.724325513846471
1.888235294117647,1.0092912367326439,-0.6923093200279807,-0.6730626737835698,1.2136574457469522,-0.16596741353250513,0.14990321449962737,0.8460404748928133,0.48487958193232905,1.4804021061611004,0.21415458858406153,-0.1086313260995472,-0.8239156714873554,0.03267570810388688,-0.16103098115913975,1.4979609951429147,1.9259777584577042,0.050016156071990864,0.9508926941317273,2.2374525837378303,0.690637798732606,0.02699867879316564,7.379936665067938,7.508112625447861
1.8991596638655461,1.0021657227589245,-0.6715229018998996,-0.6677344056811734,1.1620187208983395,-0.16314962328828622,0.1490596832075697,0.7982604860956738,0.4880484225305973,1.4796346665017397,0.2679051775203665,-0.07666632882067162,-0.8348582430578739,0.036601854842724706,-0.16970345503815323,1.4552791436489796,1.7961567442486028,0.04883658873705074,0.8754110663963058,2.2610919304559336,0.7028660119765194,0.030138958429814386,7.169780443893206,7.2980478808963465
1.9100840336134455,0.9939616538055615,-0.6510067666630598,-0.6605679306932493,1.112777749833712,-0.1604606960326354,0.1481751901751957,0.7515725189941654,0.48807766661077173,1.4756901623038265,0.3212543272190588,-0.04393848218624807,-0.8437584715608841,0.04129775290145716,-0.17871808151858232,1.4117695794769785,1.6746243115853405,0.04770352195473323,0.8030810599514508,2.280865797877264,0.7138589485475906,0.03364565705639244,6.96554887644975,7.093876961766422
1.9210084033613446,0.9847624089115039,-0.6308467704846027,-0.651794316662884,1.0659634687446857,-0.15789393435704216,0.14724446756485923,0.706190337382458,0.485136480794068,1.4686315335343962,0.3739663994732449,-0.010611871294301843,-0.8505517284362275,0.04681330368813892,-0.18801502397634076,1.367724649836041,1.5611139479322385,0.046611427735204825,0.7340621976096029,2.296729449226575,0.723550854558221,0.03754113464302191,6.767333661540905,6.895919115064228
1.9319327731092437,0.9746534168388444,-0.6111179972092352,-0.6416383495871703,1.0215870880552769,-0.15544234533503046,0.14626297313408515,0.6623071520989492,0.47940900523107777,1.458521778418175,0.4258193482457829,0.02314347766857705,-0.855188420900136,0.05319397160985421,-0.19752815920386596,1.323414489468661,1.455339950142208,0.04555518003327698,0.6684837580180722,2.3086078954605793,0.7318828558002641,0.04184697229409779,6.57513110121716,6.704061038349637
1.9428571428571428,0.9637237171702503,-0.5918839368400719,-0.6303179070140291,0.9796401576091783,-0.15309874471497673,0.14522682530539785,0.6200951082662332,0.47109200112710586,1.445451312263326,0.4765995506412273,0.05715284402109252,-0.8576346672377253,0.06047973549566575,-0.20718551965683185,1.2790899977257468,1.356995502303082,0.04453005642158616,0.6064456168216525,2.3164766277951907,0.7388036700276631,0.04658363796109715,6.388925109056019,6.518502975392227
1.953781512605042,0.9520635864098906,-0.5731976534293368,-0.6180410883551994,0.9400963923059894,-0.15085579509194513,0.14413282839513267,0.5796913041085251,0.4603990628621133,1.4295262771548014,0.5260997387553269,0.09123867683695994,-0.8578727228060823,0.06870445433662509,-0.216909766806984,1.2349806224645614,1.265756013722016,0.043531743134003695,0.5480093051433547,2.320326312194489,0.7442701046856806,0.05177014898195358,6.208644250326059,6.3390828368939625
1.964705882352941,0.9397611994288363,-0.555101531670333,-0.6050063019226252,0.9029122518820559,-0.1487060609120681,0.14297851117345955,0.5412595867412872,0.44752588974683866,1.4108775665188702,0.5741226596561935,0.1252220799612647,-0.8559013551405921,0.07789511009594884,-0.22661879102112242,1.1912888224146747,1.181283159964816,0.0425563472093628,0.49324136223304854,2.3201923360369103,0.7482476990413274,0.05742372462073515,6.034233451520874,6.165726928229664
1.9756302521008404,0.9269043072627816,-0.5376279217352441,-0.5913989434777853,0.8680298498673941,-0.14664209169983952,0.1417620254310981,0.5048684660535316,0.43271083719523323,1.389644225990492,0.6204887346621023,0.15892449713141535,-0.8517360875122714,0.08807122250462768,-0.2362262231461063,1.1481953770516549,1.1032285306074514,0.041600374912431445,0.4421308366414457,2.3161173446712904,0.7507113585591849,0.06355936873533365,5.8655431911787925,5.99830699989576
1.9865546218487395,0.9135783553974619,-0.5207998874822293,-0.5773924692268706,0.8353781556759399,-0.14465645496423873,0.14048219363405653,0.47061107895190873,0.41617049556957864,1.3659836934855183,0.6650317745867812,0.1921693681057391,-0.845408553880438,0.09924417536754708,-0.24564232551415804,1.1058579342522339,1.0312387265004375,0.04066073669105738,0.3946726690149084,2.308178712078382,0.7516446890123725,0.07018955842838802,5.702443025977779,5.836692316551691
1.9974789915966387,0.8998658369135611,-0.5046315948675381,-0.5631456479846085,0.8048739848986608,-0.1427418036778881,0.13913847406041982,0.438543679814219,0.39813005316518424,1.3400651777025037,0.7076015378392698,0.22478402668889985,-0.8369672474251508,0.11141701889508862,-0.2547746439246772,1.064411570982699,0.9649551524106543,0.03973473748107887,0.35082809833830864,2.2964746168433425,0.7510420319169097,0.07732387128641459,5.544770079259408,5.68069289979468
2.008403361344538,0.8858452196511063,-0.48912931828454526,-0.5488035065153828,0.7764248471919912,-0.1408909194851507,0.13773091816816857,0.40870756911107564,0.3788075858680023,1.312069594322673,0.7480650093582488,0.25660106317080933,-0.8264763321800901,0.12458349496156769,-0.26352913417265245,1.0239692431842207,0.9040208321006868,0.03882005701281796,0.3105370641598286,2.281127878572221,0.7489072332742442,0.08496865177462681,5.392350960078646,5.530193135454531
2.019327731092437,0.8715908082820089,-0.474291989005211,-0.5344963874211143,0.749930306099311,-0.13909678498989522,0.13626014505067321,0.38112286762219716,0.3584195954407812,1.2821866116285296,0.7863076596199597,0.2874604112899909,-0.8140151605201227,0.13872836245740514,-0.2718108015237102,0.9846234279162047,0.8480818521724283,0.03791474272375565,0.27371924662050007,2.262282242616468,0.7452541696156119,0.09312667037507494,5.245002352040044,5.384977089835172
2.030252100840336,0.8571719163333692,-0.4601119928788118,-0.5203392426255393,0.7252833571034507,-0.1373525692622804,0.13472730736592203,0.35577699414736785,0.3371808529714167,1.2506132945697424,0.8222338384919853,0.3172102145812167,-0.7996776757129119,0.15382668608422947,-0.279524967896751,0.9464467401415322,0.7967888755073715,0.03701717563302116,0.24026819717506834,2.240102097715849,0.7401067052682667,0.10179685702933576,5.102526648470445,5.244851298274025
2.041176470588235,0.8426527966111309,-0.446576143762814,-0.5064394006240431,0.702376640979131,-0.1356517646220629,0.13313404909551452,0.33265280065528785,0.31529090995997966,1.2175749616738245,0.8557557591658699,0.34570902725193176,-0.7835715931717921,0.16984403004303575,-0.28657812566352947,0.9094939878146255,0.7498138122975672,0.03612607627364643,0.21006624368719867,2.2148067066405694,0.7334991731492575,0.11097401665008132,4.964780016512946,5.109614368391391
2.0521008403361343,0.8280917898161402,-0.43366641526655114,-0.492866933411787,0.6810883289887181,-0.13398807522096978,0.13148268697243115,0.3117043033207044,0.29294718801221636,1.1832321255875173,0.8868394243820478,0.37282679784336237,-0.7658167401247999,0.1867364392682781,-0.29287902419346495,0.8738025720910392,0.7067991259353832,0.035240501274910574,0.18297762767291054,2.1865224276606363,0.7254751006455108,0.12064862056311154,4.831465975843502,4.979070033659581
2.063025210084034,0.8135416847773336,-0.4213607539768115,-0.4797060320296357,0.6613102111102368,-0.13235560113195471,0.12977577120200276,0.2928778129921968,0.27033014520827325,1.1478116293505207,0.9154373107413687,0.3984457965384277,-0.7465440655594918,0.20445064786477316,-0.2983398634920727,0.8393949578622495,0.6674490724842839,0.03435975594207566,0.1588558007514183,2.1554970063696866,0.716087094601237,0.13080674156079405,4.702450429571745,4.853016584330428
2.073949579831933,0.7990496271818568,-0.4096340996095319,-0.4670092082454302,0.6429245089148281,-0.1307487923686901,0.12801614329385536,0.27610341901391106,0.24760919985659544,1.1115194658193976,0.9415314611836247,0.42246238704479333,-0.7258942305480334,0.22292357492422243,-0.30287716337320225,0.8062804022623762,0.6314495247493965,0.03348337964970374,0.13754341384479477,2.1219570152940106,0.7053969024105061,0.14142949634999286,4.57754013456078,4.731262117721986
2.084873949579832,0.7846565764967596,-0.39845912820334384,-0.45481874720844867,0.6258185082930492,-0.1291625039614898,0.12620713095445601,0.2612982357498942,0.22494063248341878,1.074557923698094,0.9651234781226825,0.44478753343928135,-0.7040161648485216,0.24208197938760376,-0.30641017144778593,0.7744556198881839,0.5985088981344,0.032611192333357075,0.11887505614804775,2.086138059405983,0.6934747102710206,0.15249087791088178,4.456554414091874,4.61361827491843
2.095798319327731,0.7703981132583048,-0.38780651685447776,-0.44317078984311087,0.6098842950486614,-0.12759194443382957,0.12435238742091112,0.2483645965427832,0.20246788999283008,1.0371235542793453,0.9862328568660115,0.4653476145297386,-0.6810651649284394,0.2618504301517682,-0.3088727898897544,0.7439071474267581,0.5683592023171693,0.031743220541685824,0.10267821929400822,2.0482805148031167,0.6803981612275205,0.16396804810494642,4.339334513715205,4.499908833832729
2.1067226890756303,0.7563040655182501,-0.3776465871066156,-0.43209081587043313,0.5950187669841307,-0.12603276619141046,0.12245579596747577,0.23720550375900956,0.1803162716777337,0.9994069551558495,1.0048966555934702,0.4840843503347202,-0.6572015676613909,0.2821415601531463,-0.31020051545260524,0.7146127842727081,0.5407498062228917,0.030879680119886795,0.08878040884532376,2.008631550436828,0.666251558775578,0.17582821975271345,4.225734008425929,4.389963158489418
2.1176470588235294,0.7424043759353548,-0.36795092245366945,-0.4215880360884488,0.5811200506098072,-0.1244810452325588,0.12052127682709943,0.22770986003951832,0.15859782653217813,0.9615894601166025,1.0211680215052459,0.5009563487830063,-0.6325885609023553,0.3028579305052595,-0.31033298645209845,0.6865521387424699,0.5154369853936601,0.030020908790224683,0.07700505093994789,1.9674384179522775,0.6511255507705139,0.1880294885502069,4.115608541139301,4.2836258603153725
2.1285714285714286,0.7287085794164617,-0.3586853472793686,-0.41165695730191615,0.5680899434538593,-0.12293327558945821,0.1185534026240104,0.21976420377489078,0.1374103122853924,0.9238426071277233,1.0351149485642546,0.5159383418447694,-0.6073906536688007,0.3239007946754334,-0.30922461734328566,0.659671372068079,0.4921876343484807,0.029167499520884398,0.06717789918318079,1.924948119485728,0.6351157787497432,0.20053158876247873,4.008799892118575,4.18075108300775
2.1394957983193277,0.7152409960913167,-0.34982279599426463,-0.4023014689073689,0.5558458963150562,-0.12138640483785786,0.11655624764838797,0.213253690571027,0.1168343773848835,0.8863265753188349,1.0468190486356437,0.5290210159612171,-0.5817717985332,0.34516600608052056,-0.30683984676246173,0.6339456710869439,0.4708111323353149,0.02832001814533267,0.05912740828107671,1.8814049187028483,0.6183216608971926,0.21329026331478895,3.905221072763498,4.081204332792151
2.150420168067227,0.7020096332205232,-0.34133534283209893,-0.39350414207905104,0.5443038833990569,-0.1198377932527856,0.11453435786328531,0.20805846261927968,0.09693642773687815,0.8491887044592518,1.056373528678167,0.5402122532472153,-0.555893988247661,0.3665446987768798,-0.30315182310739575,0.6093273414007201,0.4511122273166641,0.02747921582285249,0.0526849948898852,1.8370464878731447,0.6008474047283241,0.2262560440547713,3.8047537160863616,3.9849083117405195
2.161344537815126,0.6890245691607617,-0.3331964860867213,-0.3852484573068813,0.5333907174871447,-0.11828526407187959,0.11249225127673682,0.20406348333138727,0.07776871428436959,0.8125638864057693,1.0638818070398122,0.5495335498084495,-0.5299149459286759,0.38792493462067246,-0.29814467456140903,0.5857747552477119,0.43292203135878293,0.026645910293862783,0.04768987815078328,1.792104568841144,0.5827969722836672,0.23937600186978147,3.7073101180457337,3.891670258209755
2.172268907563025,0.6762893134937056,-0.3253817283241844,-0.3775132959424541,0.5230406804106055,-0.11672704585278601,0.11043425634463529,0.2011525022584718,0.05937015527042304,0.7765707953237736,1.0694562033359358,0.557022591878921,-0.5039864822578659,0.4091910667374163,-0.29181131555383305,0.5632405046730209,0.4160878419777241,0.02582092820791103,0.04398714450167864,1.7467987710035129,0.5642765421621692,0.2525911729829634,3.6128029055089796,3.801419958998767
2.183193277310924,0.6638023676734428,-0.3178661442540671,-0.3702782077638125,0.5131973696225394,-0.11516173053475,0.10836490531726622,0.1992157482361748,0.04176694578067894,0.7413150082763841,1.0732151520696707,0.5627304517626401,-0.47825390296897147,0.43023518293543833,-0.28416166373050106,0.541672468991816,0.4004774913322744,0.025005176884178443,0.041431392105145154,1.7013387041277417,0.5453923570460395,0.2658501637695765,3.5211677542567714,3.714071204931473
2.1941176470588237,0.6515736831143306,-0.3106338898525538,-0.3635075068051769,0.5038037924727823,-0.1135883563012283,0.10628856271993509,0.19814552897282778,0.02497389083861283,0.7068862970144736,1.0752823090190473,0.5667210701444121,-0.4528536314693779,0.4509431872342037,-0.2752127494456616,0.5210416780521027,0.385955968813674,0.024199573252284366,0.039885345875540684,1.6559202809961684,0.5262491828806308,0.27909181557038254,3.432343845440783,3.629550184278014
2.205042016806723,0.6396023924001207,-0.30366677080938387,-0.35717621535233823,0.494816522158385,-0.11200625530046418,0.10420953400315443,0.1978419080144139,0.008995438300848632,0.6733617008792538,1.075783521962769,0.5690705146161369,-0.4279125780590921,0.4712039541728263,-0.2649932247078736,0.5013047280577568,0.37241823941433944,0.02340502820358736,0.039222338477008185,1.6107261663376211,0.5069504250666534,0.29225457556918455,3.346281501126151,3.5477740632696553
2.215966386554622,0.6278764702908924,-0.29694357552423817,-0.35125712545194204,0.48619802514430205,-0.1104152248668874,0.10213187177242926,0.19821062646111384,-0.006173120991897382,0.640800511003311,1.0748463966381099,0.5698639473802017,-0.4035462880171347,0.4909112428267831,-0.2535429148394861,0.4824043489900689,0.3597700878349807,0.022622441114145242,0.03932555986488781,1.5659200712680335,0.48759452509615353,0.3052778579990397,3.2629148921673097,3.468676091176764
2.226890756302521,0.6163922573463364,-0.29044988441913494,-0.34572095941097036,0.4779141668344752,-0.10881527205395099,0.10005953524961236,0.1991644500907853,-0.020544243645365376,0.6092495604521814,1.0725981798223463,0.5691966858038104,-0.3798588751789764,0.5099627680767915,-0.24091250752521562,0.4643005502756011,0.3479249326371324,0.021852674026543787,0.04008854412692504,1.5216518822693865,0.46827763218227886,0.31810086110663055,3.1821970766244987,3.392191451125069
2.23781512605042,0.6051568218925173,-0.2841785875801472,-0.3405412050458169,0.4699379493170145,-0.1072067671813922,0.0979963447119519,0.2006242144392493,-0.03413690241043157,0.5787411850565352,1.0691637396589833,0.5671706552599773,-0.3569418955446423,0.5282625454094251,-0.22716232500851033,0.4469722487220993,0.336809988542338,0.021096574506388934,0.041415403525545215,1.4780524614822248,0.4490900689830344,0.330664038785717,3.1041007845473474,3.318256993900535
2.2487394957983193,0.5941612835159336,-0.2781164064639959,-0.3356940794304487,0.46224685698271895,-0.10559032684786897,0.09594588434011524,0.20251881044739248,-0.04697527280102765,0.5492948732767842,1.0646644072101445,0.5638935795494263,-0.3348738113702576,0.5457213988112105,-0.21236199544932494,0.4303763663737481,0.3263626717550586,0.020354929845646567,0.04322054483975785,1.435235157788287,0.4301164385987081,0.3429094622316834,3.0285755714328895,3.2468127503556024
2.2596638655462185,0.5834027020049891,-0.27225436836800754,-0.331156263725478,0.45482144110363404,-0.1039668611673492,0.0939114239081876,0.20478489082398013,-0.059087079097769044,0.5209184469023825,1.0592167490478883,0.5594772848327528,-0.31371976286811115,0.562258324257713,-0.1965892868396626,0.41448115380218487,0.31652701429220476,0.019628463761454173,0.04542813442609548,1.3932961497867675,0.41143492185785313,0.3547817708972187,2.9555776088237784,3.177797097483923
2.2705882352941176,0.5728762083451856,-0.2665839044270309,-0.32690665250901824,0.44764566021249175,-0.10233745161740837,0.09189615252901354,0.207367511134179,-0.07050300327477038,0.49360872484417684,1.0529311005666275,0.5540409479988962,-0.29353398744617715,0.5778010366686758,-0.1799299327278478,0.3992541281875168,0.3072545965617296,0.01891785685318112,0.04797195814474614,1.3523134757827437,0.3931235738455682,0.36622881866684426,2.8850644080423296,3.1111498032121467
2.2815126050420167,0.5625810395106358,-0.26109866218269223,-0.32292524301124853,0.44070495939824433,-0.10070336467487868,0.08990278780542309,0.21021912958734226,-0.08125486256265087,0.46735301315694133,1.045910838896045,0.547688227596611,-0.2743494229247086,0.5922867198594309,-0.1624743364927139,0.3846699374104592,0.2985015738120821,0.018223678912028533,0.050794435134535076,1.3123483218271008,0.37523000050703775,0.37720146854059167,2.816969416143835,3.046807837846127
2.292436974789916,0.5525201443215052,-0.2557949745523496,-0.31920369839424484,0.4339916132974656,-0.09906616718507878,0.08793424030325195,0.2132993699604131,-0.09137474912893052,0.4421300806024124,1.0382515738622415,0.5405408444037078,-0.2561946656678439,0.6056715711956986,-0.14432326779950586,0.3707095788872941,0.29023972148110094,0.01754653609845204,0.053845966003884166,1.2734453388009173,0.3578201111853317,0.3876672577829941,2.7512745102399743,2.984702342400111
2.303361344537815,0.5426808241485312,-0.2506612480220256,-0.31572385477969106,0.42749250656977483,-0.09742733804066903,0.08599249953424869,0.21657463096227952,-0.10089418472033308,0.4179120339343762,1.0300403725238276,0.5327123132439402,-0.23908388195007993,0.617896649177248,-0.12556966619157087,0.35733353815848856,0.28243139565025643,0.016886796173838557,0.05708420728682826,1.235633637136193,0.3409435112900296,0.3975640101319336,2.687877095827568,2.9247663727636404
2.3142857142857145,0.5330679813132279,-0.245694610355851,-0.3124755200775381,0.42119793480360906,-0.09578864348480652,0.08407974767089764,0.2200174363162322,-0.10984323055362455,0.39466529417285595,1.021355507929235,0.5243053048055303,-0.22301556147793275,0.6289403925299543,-0.10631957515866984,0.3445273142592733,0.27504865093055325,0.016244868189061186,0.06047320758162401,1.1989277680019323,0.3246319933085376,0.40686986941765296,2.6267236716886346,2.866926846876777
2.3252100840336136,0.5236815176361845,-0.2408894666792517,-0.3094553948856805,0.41510102378385816,-0.09415181154401515,0.08219784109031478,0.22360541005674522,-0.11824966194135601,0.3723520965770789,1.012266296891951,0.5154254523726192,-0.20798106575871414,0.6387826522466954,-0.08667719103261459,0.3322700670707518,0.26807150137025965,0.015621048696928385,0.06398236195589016,1.1633291396486896,0.30891952066764966,0.4155562122566269,2.5677498516667963,2.8111031998694767
2.3361344537815127,0.5145218251304169,-0.23623976095352026,-0.3066551122979369,0.40918989879589635,-0.0925186975095428,0.08034828404656262,0.22732057804057415,-0.12613852386118424,0.3509319779453545,1.0028330406414303,0.5061696202073797,-0.19396078436560696,0.6474100653587673,-0.06674446172982322,0.32054193319091173,0.2614737311750562,0.01501555613808939,0.06758557240257931,1.1288273605467756,0.29382847029260445,0.42359461589944725,2.5108672396454637,2.7572154333388483
2.347058823529412,0.5055895963935626,-0.2317391461085382,-0.30406911294264527,0.40345481272309874,-0.09089117538009546,0.07853231968318822,0.2311486592133067,-0.13353176064120761,0.33036304795662597,0.9931072956945628,0.4966276379832181,-0.18092623962671003,0.6548400070205923,-0.046628457799536685,0.30932387182051996,0.2552338113551578,0.014428530996797743,0.07126043375605016,1.0954018442169597,0.279373314994252,0.4309896478714926,2.45601145501123,2.7051769938181387
2.357983193277311,0.49688573200183517,-0.22738064677810055,-0.3016916390908167,0.39788158232868864,-0.08927111819040089,0.07675097515688584,0.23507797639346886,-0.14044797796480504,0.3106031676235964,0.9831322104693021,0.48688155261008614,-0.16884137426936696,0.6610684168535953,-0.026425041438859948,0.2985973891962269,0.24932759865368465,0.01386004473049743,0.07498728949965067,1.063023271000068,0.26556105593717655,0.4377097345763643,2.4030663835936688,2.6548991024231157
2.36890756302521,0.48841124615324566,-0.22315659024405826,-0.2995218153370735,0.39245864761696453,-0.08766036910790537,0.07500503279635953,0.23909863251579444,-0.1469023350173604,0.29161102949076256,0.9729430005256001,0.47700248175225074,-0.15766335241438592,0.6661307833904625,-0.006229898137864214,0.2883444091383208,0.2437371079521527,0.01331009525691718,0.0787484521044757,1.0316550747924202,0.2523891002923491,0.4437690322111994,2.3519532717478353,2.6062897110741408
2.3798319327731092,0.48016688325546203,-0.21905872529033826,-0.2975434968854601,0.38716621554933733,-0.08606074483444232,0.07329504313014217,0.2432018890080376,-0.15290663916467204,0.27334759482445753,0.9625680280280801,0.46706093659417597,-0.14734730700410292,0.6700503767386619,0.013865692396449514,0.2785469609010924,0.23842981100162375,0.01277861514890839,0.08252759911771305,1.0012561161781826,0.2398571473735902,0.44915976479325564,2.3025560145143658,2.559254802071342
2.3907563025210083,0.4721530767844174,-0.21507786927095998,-0.2957815990056087,0.3820015331353065,-0.08447399701789317,0.07162132838152505,0.24737901710824584,-0.15846951274261373,0.25577624230800816,0.9520290007320187,0.4571058649634468,-0.1378400656327264,0.6728638285670013,0.033778402076412334,0.2691870177671281,0.23341192562803936,0.012265470851313269,0.0863089645743232,0.971780704364011,0.2279456554776152,0.4538867122406788,2.254786450903109,2.513699347854509
2.4016806722689075,0.4643697267326017,-0.2112042902861627,-0.2942184169259855,0.37694153334699504,-0.08290181261470178,0.06998400418851543,0.2516208499959573,-0.1635967226056267,0.23886404613293138,0.9413422809929501,0.44718608540618116,-0.12909023972824757,0.6746359899515757,0.05342992715481498,0.26024649534099287,0.2286493964204168,0.011770471377061272,0.0900769397999904,0.9431813225200054,0.2166396849740008,0.45798847605371135,2.208552786486179,2.469528588876024
2.4126050420168066,0.4568159332721079,-0.20742759957930185,-0.292848675140576,0.37196834247180355,-0.08134578951788037,0.06838300335587885,0.2559172713830962,-0.16829173629208116,0.22258214974488277,0.9305198054647404,0.43733825704523777,-0.12104410617145218,0.6754134228027199,0.07275070792308305,0.2517070059584981,0.22412079433281154,0.011293372620257433,0.0938157582963727,0.9154099217471918,0.20591642671421226,0.4614759572053954,2.163739236874739,2.4266492273625535
2.4235294117647057,0.4494895501364192,-0.2037368814440866,-0.291666472150785,0.3670638965637535,-0.07980742431155015,0.0668180940557925,0.26025643415551375,-0.1725560478384037,0.2069049049534292,0.9195704981937902,0.4275896492883805,-0.1136478561723332,0.6752559667941322,0.09168027792119952,0.24354957254240234,0.21980523513745054,0.010833882668492539,0.09750900116495273,0.8884195408421631,0.19574874339112758,0.4643758940507866,2.1202418697973755,2.384969919243678
2.434453781512605,0.4423888159151902,-0.20012080368694735,-0.29066355870926225,0.36220920459067313,-0.07828810089403297,0.06528887076225635,0.26462458857324594,-0.17638990751022204,0.19181434836479747,0.908499386366925,0.4179637187684979,-0.10685193667880973,0.6742282571765336,0.11016566134663763,0.23575620051515375,0.21568081225174085,0.0103916633870049,0.10113957234902438,0.8621638792676911,0.1861110065788044,0.4667202157152479,2.0779633500646675,2.3444015966437193
2.4453781512605044,0.435508052377162,-0.1965679190149729,-0.2898298695488746,0.35738539377157763,-0.07678908608570903,0.0637947875278715,0.26900559828472753,-0.179792796490861,0.17729487636934635,0.8973107861812081,0.4084705345907604,-0.10060601774158925,0.6723973009593913,0.1281641243078224,0.22830621047122585,0.21172567296398326,0.009966338657604702,0.10468946157852836,0.8366001201839595,0.17696974843468252,0.46854417309706525,2.0368017253870496,2.3048523136602665
2.4563025210084035,0.4288427972118362,-0.1930666179058388,-0.2891532183808188,0.3525738916772698,-0.07531151035208108,0.06233521161219653,0.2733811124663655,-0.18276431311937982,0.16333443141864912,0.886010084234638,0.3991140797759552,-0.09486355953606936,0.6698322398522216,0.14564013634057466,0.22118086367007123,0.2079179327924407,0.009557502198248937,0.10814002680334628,0.8116920058523237,0.1682911436032609,0.46988627885874534,1.9966657537784367,2.2662784923261303
2.4672268907563026,0.42237841000262893,-0.18960220836075323,-0.2886190748581153,0.3477570980762141,-0.07385638004222407,0.06090935658925404,0.27773032695550287,-0.1853046563276631,0.14992692458470838,0.8746012220879467,0.3899007549465515,-0.08958633000104221,0.6666023253454328,0.162569746487653,0.2143525186516234,0.20423596963434393,0.00916471459305834,0.11147195016752386,0.7874053803931587,0.16004830923094646,0.47078758262899806,1.9574664252996525,2.2285648449177144
2.4781512605042018,0.41612260490612535,-0.18617056924211867,-0.2882114799086771,0.3429176926312202,-0.07242456841085085,0.05951636587122031,0.2820302190040823,-0.18741531683237117,0.13706937174674869,0.8630901140632599,0.38082368183215576,-0.0847380145435472,0.6627760096736393,0.1789379295110294,0.20781750316579378,0.2006584010706698,0.008787515916014973,0.1146655454148687,0.7637125576647793,0.1522072077529814,0.47129082161660607,1.919139552601714,2.191657438634525
2.489075630252101,0.4100585339079597,-0.18275801231731487,-0.28791147614909995,0.33804114109607114,-0.07101679960653157,0.058155337661679636,0.2862558297949386,-0.1890996065533757,0.12476198120829635,0.8514845755500746,0.371873083863415,-0.08028607539585665,0.6584199913616752,0.1947344123161906,0.20154849229692115,0.19716483117188763,0.008425429124898236,0.11770106129023034,0.74059153435471,0.14473544440455566,0.47143837636484054,1.8816051690080435,2.1554850155402883
2.5,0.4041755315844944,-0.17935516998280687,-0.2876988769782056,0.33311414167625525,-0.06963367796597618,0.05682527986077532,0.290380438760383,-0.19036333500741737,0.11300767124201944,0.8397949966093805,0.36303992611302005,-0.07620692033080216,0.6535999882686028,0.2099608944555205,0.19552613733117016,0.19373567519922896,0.008077961538324713,0.12055899852981876,0.7180263700896937,0.1376054826584523,0.4712765218652799,1.8448071472119685,2.1200125148426103
